frame,time_seconds,left_pocket,left_half_forward,central_corridor,right_half_forward,right_pocket,total_inside_forward50
0,0.0,1,2,5,0,0,8
1,0.02,1,2,5,0,0,8
2,0.04,1,2,5,0,0,8
3,0.06,1,2,5,0,0,8
4,0.08,1,2,5,0,0,8
5,0.1,1,2,5,0,0,8
6,0.12,1,2,5,0,0,8
7,0.14,1,2,5,0,0,8
8,0.16,2,2,5,0,0,9
9,0.18,2,2,5,0,0,9
10,0.2,2,2,5,0,0,9
11,0.22,2,2,3,0,0,7
12,0.24,2,2,3,0,0,7
13,0.26,2,2,2,0,0,6
14,0.28,2,2,3,0,0,7
15,0.3,2,2,3,0,0,7
16,0.32,2,2,3,0,0,7
17,0.34,2,2,3,0,0,7
18,0.36,2,2,3,0,0,7
19,0.38,2,2,3,0,0,7
20,0.4,1,2,3,0,0,6
21,0.42,2,2,3,0,0,7
22,0.44,3,2,3,0,0,8
23,0.46,2,1,4,0,0,7
24,0.48,2,1,4,0,0,7
25,0.5,2,1,4,0,0,7
26,0.52,2,1,2,0,0,5
27,0.54,2,2,3,0,0,7
28,0.56,2,2,4,0,0,8
29,0.58,2,2,4,0,0,8
30,0.6,2,2,5,0,0,9
31,0.62,2,1,4,0,0,7
32,0.64,2,2,4,0,0,8
33,0.66,2,3,4,0,0,9
34,0.68,2,3,4,0,0,9
35,0.7,2,2,4,0,0,8
36,0.72,2,2,4,0,0,8
37,0.74,2,2,4,0,0,8
38,0.76,2,3,4,0,0,9
39,0.78,2,3,4,0,0,9
40,0.8,2,3,5,0,0,10
41,0.82,2,3,4,0,0,9
42,0.84,2,3,4,0,0,9
43,0.86,2,3,4,0,0,9
44,0.88,2,3,4,0,0,9
45,0.9,2,3,4,0,0,9
46,0.92,2,3,4,0,0,9
47,0.94,2,3,4,0,0,9
48,0.96,2,3,4,0,0,9
49,0.98,2,3,4,0,0,9
50,1.0,2,3,4,0,0,9
51,1.02,2,3,4,0,0,9
52,1.04,2,3,4,0,0,9
53,1.06,2,3,4,0,0,9
54,1.08,2,2,4,0,0,8
55,1.1,3,2,4,0,0,9
56,1.12,2,2,4,0,0,8
57,1.14,2,2,4,0,0,8
58,1.16,2,2,5,0,0,9
59,1.18,2,3,5,0,0,10
60,1.2,2,3,6,0,0,11
61,1.22,2,3,5,0,0,10
62,1.24,2,4,5,0,0,11
63,1.26,3,4,4,0,0,11
64,1.28,3,4,5,0,0,12
65,1.3,3,4,5,0,0,12
66,1.32,3,3,5,0,0,11
67,1.34,3,3,5,0,0,11
68,1.36,2,4,4,0,0,10
69,1.38,3,4,5,0,0,12
70,1.4,2,4,5,0,0,11
71,1.42,2,4,5,0,0,11
72,1.44,2,4,5,0,0,11
73,1.46,2,4,5,0,0,11
74,1.48,2,4,5,0,0,11
75,1.5,3,4,5,0,0,12
76,1.52,3,4,5,0,0,12
77,1.54,3,4,5,0,0,12
78,1.56,3,4,5,0,0,12
79,1.58,3,4,5,0,0,12
80,1.6,3,4,5,0,0,12
81,1.62,3,4,5,0,0,12
82,1.64,3,4,5,0,0,12
83,1.66,3,4,5,0,0,12
84,1.68,3,4,5,0,0,12
85,1.7,3,4,5,0,0,12
86,1.72,3,4,5,0,0,12
87,1.74,3,4,5,0,0,12
88,1.76,3,4,5,0,0,12
89,1.78,3,4,5,0,0,12
90,1.8,2,4,4,0,0,10
91,1.82,2,3,4,0,0,9
92,1.84,2,3,3,0,0,8
93,1.86,1,2,4,0,0,7
94,1.88,0,0,2,0,0,2
95,1.9,1,3,4,0,0,8
96,1.92,1,4,4,0,0,9
97,1.94,3,4,4,0,0,11
98,1.96,3,4,3,0,0,10
99,1.98,4,4,3,0,0,11
100,2.0,4,4,3,0,0,11
101,2.02,4,4,3,0,0,11
102,2.04,3,4,3,0,0,10
103,2.06,3,4,3,0,0,10
104,2.08,2,4,3,0,0,9
105,2.1,2,4,3,0,0,9
106,2.12,2,4,4,0,0,10
107,2.14,1,3,3,0,0,7
108,2.16,1,3,3,0,0,7
109,2.18,1,3,3,0,0,7
110,2.2,1,3,3,0,0,7
111,2.22,1,3,3,0,0,7
112,2.24,2,3,3,0,0,8
113,2.26,2,3,3,0,0,8
114,2.28,2,3,3,0,0,8
115,2.3,2,3,3,0,0,8
116,2.32,2,3,3,0,0,8
117,2.34,2,3,3,0,0,8
118,2.36,2,3,4,0,0,9
119,2.38,2,3,4,0,0,9
120,2.4,2,3,4,0,0,9
121,2.42,2,3,4,0,0,9
122,2.44,2,4,4,0,0,10
123,2.46,2,4,4,0,0,10
124,2.48,2,5,4,0,0,11
125,2.5,2,5,4,0,0,11
126,2.52,2,5,4,0,0,11
127,2.54,2,5,4,0,0,11
128,2.56,2,5,4,0,0,11
129,2.58,2,5,4,0,0,11
130,2.6,2,5,4,0,0,11
131,2.62,2,5,4,0,0,11
132,2.64,2,5,5,0,0,12
133,2.66,2,4,4,0,0,10
134,2.68,2,4,4,0,0,10
135,2.7,2,4,4,0,0,10
136,2.72,2,4,4,0,0,10
137,2.74,2,4,3,0,0,9
138,2.76,3,4,4,0,0,11
139,2.78,3,4,4,0,0,11
140,2.8,2,4,4,0,0,10
141,2.82,2,4,4,0,0,10
142,2.84,2,3,4,0,0,9
143,2.86,3,1,4,0,0,8
144,2.88,4,1,5,0,0,10
145,2.9,4,1,5,0,0,10
146,2.92,3,1,4,0,0,8
147,2.94,4,1,3,0,0,8
148,2.96,4,1,3,0,0,8
149,2.98,4,1,3,0,0,8
150,3.0,4,1,3,0,0,8
151,3.02,4,1,3,0,0,8
152,3.04,4,1,3,0,0,8
153,3.06,4,1,3,0,0,8
154,3.08,4,1,3,0,0,8
155,3.1,4,2,3,0,0,9
156,3.12,4,2,3,0,0,9
157,3.14,4,1,4,0,0,9
158,3.16,4,1,4,0,0,9
159,3.18,4,1,4,0,0,9
160,3.2,4,2,4,0,0,10
161,3.22,4,3,4,0,0,11
162,3.24,4,3,5,0,0,12
163,3.26,4,2,5,0,0,11
164,3.28,4,3,5,0,0,12
165,3.3,4,4,4,0,0,12
166,3.32,4,3,4,0,0,11
167,3.34,4,2,5,0,0,11
168,3.36,4,2,5,0,0,11
169,3.38,4,3,5,0,0,12
170,3.4,4,4,5,0,0,13
171,3.42,4,4,5,0,0,13
172,3.44,4,4,4,0,0,12
173,3.46,4,3,4,0,0,11
174,3.48,4,4,5,0,0,13
175,3.5,4,4,5,0,0,13
176,3.52,4,4,5,0,0,13
177,3.54,4,4,5,0,0,13
178,3.56,4,2,5,0,0,11
179,3.58,4,2,5,0,0,11
180,3.6,4,2,5,0,0,11
181,3.62,4,2,5,0,0,11
182,3.64,4,2,5,0,0,11
183,3.66,5,2,5,0,0,12
184,3.68,4,2,5,0,0,11
185,3.7,4,2,5,0,0,11
186,3.72,4,2,5,0,0,11
187,3.74,4,2,5,0,0,11
188,3.76,4,2,5,0,0,11
189,3.78,4,2,4,0,0,10
190,3.8,4,2,4,0,0,10
191,3.82,4,2,5,0,0,11
192,3.84,4,2,5,0,0,11
193,3.86,4,2,5,0,0,11
194,3.88,4,2,5,0,0,11
195,3.9,4,2,5,0,0,11
196,3.92,4,2,5,0,0,11
197,3.94,4,2,5,0,0,11
198,3.96,4,2,4,0,0,10
199,3.98,4,3,3,0,0,10
200,4.0,4,3,4,0,0,11
201,4.02,4,3,4,0,0,11
202,4.04,4,3,3,0,0,10
203,4.06,4,3,3,0,0,10
204,4.08,4,3,4,0,0,11
205,4.1,4,2,3,0,0,9
206,4.12,4,2,3,0,0,9
207,4.14,4,2,3,0,0,9
208,4.16,4,2,3,0,0,9
209,4.18,4,2,3,0,0,9
210,4.2,4,2,3,0,0,9
211,4.22,4,2,4,0,0,10
212,4.24,4,2,4,0,0,10
213,4.26,4,2,4,0,0,10
214,4.28,4,2,5,0,0,11
215,4.3,4,2,4,0,0,10
216,4.32,4,2,4,0,0,10
217,4.34,4,2,4,0,0,10
218,4.36,4,3,5,0,0,12
219,4.38,4,2,6,0,0,12
220,4.4,4,2,6,0,0,12
221,4.42,4,2,6,0,0,12
222,4.44,4,2,6,0,0,12
223,4.46,4,2,6,0,0,12
224,4.48,4,2,6,0,0,12
225,4.5,4,2,6,0,0,12
226,4.52,4,2,6,0,0,12
227,4.54,4,1,5,0,0,10
228,4.56,4,1,5,0,0,10
229,4.58,4,1,5,0,0,10
230,4.6,4,1,5,0,0,10
231,4.62,4,1,5,0,0,10
232,4.64,4,1,5,0,0,10
233,4.66,4,1,5,0,0,10
234,4.68,4,1,5,0,0,10
235,4.7,4,1,5,0,0,10
236,4.72,4,1,5,0,0,10
237,4.74,4,1,5,0,0,10
238,4.76,4,1,5,0,0,10
239,4.78,4,1,5,0,0,10
240,4.8,4,1,5,0,0,10
241,4.82,4,2,4,0,0,10
242,4.84,4,2,4,0,0,10
243,4.86,4,2,4,0,0,10
244,4.88,4,2,4,0,0,10
245,4.9,4,2,4,0,0,10
246,4.92,4,2,5,0,0,11
247,4.94,4,2,4,0,0,10
248,4.96,4,2,5,0,0,11
249,4.98,4,2,5,0,0,11
250,5.0,4,2,5,0,0,11
251,5.02,4,2,6,0,0,12
252,5.04,4,2,6,0,0,12
253,5.06,4,2,5,0,0,11
254,5.08,4,2,7,0,0,13
255,5.1,4,2,7,0,0,13
256,5.12,4,2,5,0,0,11
257,5.14,4,2,7,0,0,13
258,5.16,4,2,7,0,0,13
259,5.18,4,2,9,0,0,15
260,5.2,4,2,9,0,0,15
261,5.22,4,2,8,0,0,14
262,5.24,4,2,8,0,0,14
263,5.26,4,2,7,0,0,13
264,5.28,4,2,7,0,0,13
265,5.3,4,2,6,0,0,12
266,5.32,4,2,6,0,0,12
267,5.34,4,2,5,0,0,11
268,5.36,5,3,5,0,0,13
269,5.38,5,3,5,0,0,13
270,5.4,4,3,6,0,0,13
271,5.42,4,3,6,1,0,14
272,5.44,4,3,6,1,0,14
273,5.46,4,3,6,1,0,14
274,5.48,4,3,6,1,0,14
275,5.5,4,3,7,1,0,15
276,5.52,4,3,7,1,0,15
277,5.54,4,3,7,1,0,15
278,5.56,4,3,7,1,0,15
279,5.58,4,3,7,1,0,15
280,5.6,4,2,7,1,0,14
281,5.62,4,2,6,0,0,12
282,5.64,4,4,6,0,0,14
283,5.66,4,3,6,0,0,13
284,5.68,4,4,6,0,0,14
285,5.7,4,4,6,0,0,14
286,5.72,4,3,6,0,0,13
287,5.74,4,4,6,0,0,14
288,5.76,5,4,6,0,0,15
289,5.78,4,4,5,0,0,13
290,5.8,4,4,5,0,0,13
291,5.82,4,4,5,0,0,13
292,5.84,5,4,5,0,0,14
293,5.86,4,4,5,0,0,13
294,5.88,4,4,5,0,0,13
295,5.9,4,4,5,0,0,13
296,5.92,5,4,6,0,0,15
297,5.94,5,4,5,0,0,14
298,5.96,4,4,7,0,0,15
299,5.98,4,4,7,0,0,15
